Cluster ID,source,line_number,Location
66,mwrd,1,Sheridan Rd (Wilmette P.S.) (W)
90,mwrd,2,Birchwood Ave (E)
33,mwrd,3,Touhy Ave (E)
67,mwrd,4,Pratt Ave (E)
1,mwrd,5,North Shore Ave (E)
11,mwrd,6,Devon Ave (W)
11,mwrd,7,Devon Ave (E)
12,mwrd,8,Peterson Ave (E)
12,mwrd,9,Peterson Ave (W)
91,mwrd,10,Thorndale Ave (W)
22,mwrd,11,Ardmore Ave (W)
22,mwrd,12,Ardmore Ave (E)
34,mwrd,13,Bryn Mawr Ave (E)
34,mwrd,14,Bryn Mawr Ave (W)
92,mwrd,15,Balmoral Ave (E)
68,mwrd,16,Berwyn Ave (W)
68,mwrd,17,Berwyn Ave (E)
2,mwrd,18,Foster Ave (W)
2,mwrd,19,Foster Ave (E)
x,mwrd,20,Fargo Ave at Nordica Ave (W)
93,mwrd,21,6872 Touhy Ave  (Franks &amp; Nieman) (W)
94,mwrd,22,Imlay St &amp; Milwaukee (W)
69,mwrd,23,Wildwood Ave ext. (Caldwell &amp; Tonty) (E)
95,mwrd,24,Miami Ave (Indian &amp; Monitor) (W)
12,mwrd,25,Peterson Ave (W)
96,mwrd,26,Mango Ave ext. (Leonard &amp; Miltmore) (W)
3,mwrd,27,Central Ave (5900 - 6100 North) (N)
97,mwrd,28,Linder Ave (W)
22,mwrd,29,Ardmore Ave (Indian &amp; Ardmore)  (W)
7,mwrd,30,"Forest Glen Ave (S), West of Cicero"
98,mwrd,31,Lamon Ave (S)
7,mwrd,32,Forest Glen Ave (N)
23,mwrd,33,"Cicero Ave (N), South of Forest Glen"
70,mwrd,34,Kenton Ave (N)
99,mwrd,35,Kilbourn Ave &amp; Bryn Mawr (N)
2,mwrd,36,Foster Ave &amp; Keeler (W)
100,mwrd,37,Trumbull Ave (N) (Bernard)
x,mwrd,38,St. Louis Ave (N)
101,mwrd,39,Argyle St (W)
13,mwrd,40,Kedzie Ave (S)
8,mwrd,41,Lawrence Ave (W)
8,mwrd,42,Lawrence Ave (W)
102,mwrd,43,Giddings St (W)
35,mwrd,44,Leland Ave (W)
35,mwrd,45,Leland Ave (E)
14,mwrd,46,Wilson Ave (E)
14,mwrd,47,Wilson Ave (W)
36,mwrd,48,Sunnyside Ave (E)
36,mwrd,49,Sunnyside Ave (W)
103,mwrd,50,Agatite Ave (E)
24,mwrd,51,Montrose Ave (E)
24,mwrd,52,Montrose Ave (W)
104,mwrd,53,Berteau Ave (W)
15,mwrd,54,Irving Park Rd (E)
15,mwrd,55,Irving Park Rd (W)
37,mwrd,56,Grace St (W)
37,mwrd,57,"Grace St (W), North of DS-M86"
38,mwrd,58,Addison St (W)
38,mwrd,59,Addison St (Inside ComEd's property) (E)
105,mwrd,60,Roscoe St (W)
x,mwrd,61,Melrose St &amp; North Rockwell St (W)
25,mwrd,62,Belmont Ave (W)
26,mwrd,63,Western Ave East Bank (N)
39,mwrd,64,Oakley Ave East Bank (E)
106,mwrd,65,"Leavitt St East Bank (N), Southwest of DS-M80"
9,mwrd,66,Diversey Ave (W)
9,mwrd,67,Diversey Ave (E)
71,mwrd,68,Logan Blvd (W)
16,mwrd,69,Damen Ave West Bank (S)
17,mwrd,70,Fullerton Ave (W)
17,mwrd,71,Fullerton Ave (E)
18,mwrd,72,Ashland Ave East Bank (N)
107,mwrd,73,Webster Ave (E)
40,mwrd,74,McLean Ave (W)
40,mwrd,75,McLean Ave (E)
41,mwrd,76,Cortland St (W)
41,mwrd,77,Cortland St (E)
108,mwrd,78,Clifton Ave (E)
1,mwrd,79,North Ave (W)
1,mwrd,80,North Ave (E)
42,mwrd,81,Blackhawk St (W)
42,mwrd,82,Blackhawk St (E)
109,mwrd,83,Eastman St (E)
4,mwrd,84,Division St (W)
4,mwrd,85,Division St (E)
4,mwrd,86,Division St (W)
0,mwrd,87,Halsted St (E)
0,mwrd,88,Halsted St (W)
43,mwrd,89,Cortez St &amp; Elston (1030 N. Elston) (W)
43,mwrd,90,Cortez St (W)
110,mwrd,91,Hobbie St (E)
111,mwrd,92,Haines St (E)
0,mwrd,93,Halsted St (N)
0,mwrd,94,Halsted St (S)
6,mwrd,95,Chicago Ave (W)
6,mwrd,96,Chicago Ave (E)
44,mwrd,97,Erie St (W)
44,mwrd,98,Erie St (E)
72,mwrd,99,Grand Ave (W)
112,mwrd,100,Kinzie St (W)
113,mwrd,101,Fulton St &amp; Canal St (W)
5,mwrd,102,Lake Shore Dr (N)
114,mwrd,103,Fairbanks Ct. (St. Clair) (N)
115,mwrd,104,Beaubien Ct (St. Clair Street) (N)
45,mwrd,105,St. Clair St (Beaubien Ct) (N)
46,mwrd,106,Michigan Ave (S)
46,mwrd,107,Michigan Ave (S)
47,mwrd,108,Dearborn St  &amp; Lower Wacker
116,mwrd,109,Rush St. (N)
117,mwrd,110,Wabash Ave (S)
73,mwrd,111,State St (S)
47,mwrd,112,Dearborn St (N)
19,mwrd,113,Clark St (N)
19,mwrd,114,Clark St (S)
48,mwrd,115,LaSalle St (N)
48,mwrd,116,LaSalle St (S)
49,mwrd,117,Wells St (N)
49,mwrd,118,Wells St (S)
50,mwrd,119,Franklin St (S)
118,mwrd,120,Randolph St (E)
27,mwrd,121,Washington St (E)
27,mwrd,122,Washington St (W)
74,mwrd,123,Madison St (E)
119,mwrd,124,Monroe St (E)
120,mwrd,125,Quincy St &amp; Lower W (E)
121,mwrd,126,Adams St (E)
28,mwrd,127,Jackson Blvd (E)
75,mwrd,128,Van Buren St (E)
51,mwrd,129,Harrison St (W)
51,mwrd,130,Harrison St (E)
76,mwrd,131,Polk St (W)
52,mwrd,132,Taylor St (E)
52,mwrd,133,Taylor St (W)
10,mwrd,134,Roosevelt Rd (Roosevelt &amp; Lumber) (W)
10,mwrd,135,Roosevelt Rd (E)
122,mwrd,136,Maxwell St (Maxwell &amp; Lumber) (W)
29,mwrd,137,14th St (W)
29,mwrd,138,14th St (E)
123,mwrd,139,15th St (E)
53,mwrd,140,16th St (W)
53,mwrd,141,16th St (E)
54,mwrd,142,18th St (E)
54,mwrd,143,18th St (W)
124,mwrd,144,19th St (E)
125,mwrd,145,Canal St &amp; Grove St (S)
77,mwrd,146,Stewart Ave (S)
55,mwrd,147,Cermak Rd (W)
55,mwrd,148,Cermak Rd (E)
126,mwrd,149,Normal Ave (S)
78,mwrd,150,Wallace St (S)
56,mwrd,151,Union Ave (N)
0,mwrd,152,Halsted St (N)
0,mwrd,153,Halsted St (S)
127,mwrd,154,Morgan St (N)
128,mwrd,155,Senour Ave (S)
20,mwrd,156,Throop St (S)
20,mwrd,157,Throop St (N)
129,mwrd,158,Racine Ave (N)
79,mwrd,159,Loomis St (S)
30,mwrd,160,Laflin St (N)
18,mwrd,161,Ashland Ave (N)
130,mwrd,162,Paulina St (N)
80,mwrd,163,Wood St (S)
80,mwrd,164,Wood St (N)
16,mwrd,165,Damen Ave (N)
18,mwrd,166,Ashland Ave (W)
57,mwrd,167,Archer Ave (W)
57,mwrd,168,Archer Ave (E)
81,mwrd,169,31st St (E)
58,mwrd,170,35th St (E)
58,mwrd,171,35th St. (W)
59,mwrd,172,37th St (W)
59,mwrd,173,37th St (E)
131,mwrd,174,Iron St (50' Wof NW RAPS) (S)
39,mwrd,175,Oakley Ave (N)
26,mwrd,176,Western Ave (S)
132,mwrd,177,Rockwell St (N)
21,mwrd,178,California Ave (S)
82,mwrd,179,Albany Ave (N)
13,mwrd,180,Kedzie Ave (N)
13,mwrd,181,Kedzie Ave (S)
3,mwrd,182,Central Park Ave (S)
133,mwrd,183,Lawndale Ave (N)
31,mwrd,184,Pulaski Rd (N)
31,mwrd,185,Pulaski Rd (S)
70,mwrd,186,Kenton Ave (Kostner Ave Ext.) (N)
23,mwrd,187,Cicero Ave (S)
134,mwrd,188,Leamington Ave (S)
135,mwrd,189,Natchez Ave ext. (S)
136,mwrd,190,Nashville Ave P.S. (S)
14,mwrd,191,Wilson Ave ext. (Wilson &amp; East River Rd) (E)
25,mwrd,192,Belmont Ave (E)
83,mwrd,193,Torrence Ave (134th &amp; Brainard) (N)
x,mwrd,194,Vernon Ave &amp; E. 134th St (N)
7,mwrd,195,Forest Ave (N)
60,mwrd,196,Indiana Ave (E)
137,mwrd,197,130th St (E)
60,mwrd,198,Indiana Ave (East of Wabash) (ACME Steel) (W)
77,mwrd,199,Stewart Ave (also known as Normal Ave or Harvard) (N)
138,mwrd,200,Parnell Ave (N)
0,mwrd,201,Halsted St (N)
139,mwrd,202,Peoria Ave (N)
30,mwrd,203,Laflin Ave (N)
x,ssmm,1,100TH STREET WEST
140,ssmm,2,122ND STREET EAST
140,ssmm,3,122ND STREET PUMP STATION
137,ssmm,4,130TH STREET EAST
141,ssmm,5,134TH STREET
141,ssmm,6,134TH STREET EAST
142,ssmm,7,138TH & ESCANABA
142,ssmm,8,138TH PLACE
x,ssmm,9,13A PUMP STATION
x,ssmm,10,142ND & MACKINAY
x,ssmm,11,144TH STREET
x,ssmm,12,147TH STREET
x,ssmm,13,149TH STREET
29,ssmm,14,14TH PLACE WEST
29,ssmm,15,14TH STREET EAST
29,ssmm,16,14TH STREET WEST
x,ssmm,17,151ST STREET
x,ssmm,18,152ND STREET(EXTENDED)
x,ssmm,19,153RD ST & DEARBORN(EXT)
123,ssmm,20,15TH STREET EAST
x,ssmm,21,161ST STREET & DAMEN AVE
53,ssmm,22,16TH STREET EAST
53,ssmm,23,16TH STREET WEST
54,ssmm,24,18TH STREET EAST
54,ssmm,25,18TH STREET WEST
124,ssmm,26,19TH STREET EAST
143,ssmm,27,26TH ST E SIDE DES PLN RVR
143,ssmm,28,26TH ST W SIDE DES PLN RVR
x,ssmm,29,30TH STREET
81,ssmm,30,31ST STREET
81,ssmm,31,31ST STREET EAST
58,ssmm,32,35TH STREET EAST
58,ssmm,33,35TH STREET WEST
59,ssmm,34,37TH STREET EAST
59,ssmm,35,37TH STREET WEST
x,ssmm,36,38TH & RACINE AVENUE
x,ssmm,37,40TH STREET
x,ssmm,38,47TH STREET
144,ssmm,39,49TH STREET
144,ssmm,40,49TH STREET & EAST AVENUE
x,ssmm,41,57TH STREET
x,ssmm,42,67TH STREET
93,ssmm,43,6872 TOUHY AVENUE
x,ssmm,44,75TH STREET
x,ssmm,45,"90"" TRTMNT PLT BYPASS"
x,ssmm,46,92ND STREET WEST
145,ssmm,47,94TH PLACE (95TH ST PS)
145,ssmm,48,94TH PLACE WEST
x,ssmm,49,95TH STREET WEST
121,ssmm,50,ADAMS STREET EAST
38,ssmm,51,ADDISON STREET EAST
38,ssmm,52,ADDISON STREET WEST
103,ssmm,53,AGATITE AVENUE EAST
82,ssmm,54,ALBANY AVENUE NORTH
82,ssmm,55,ALBANY AVENUE NORTH
x,ssmm,56,ALGONQUIN RD (E)
57,ssmm,57,ARCHER AVENUE EAST
57,ssmm,58,ARCHER AVENUE WEST
22,ssmm,59,ARDMORE AVENUE EAST
22,ssmm,60,ARDMORE AVENUE WEST
x,ssmm,61,ARGO
101,ssmm,62,ARGYLE STREET WEST
18,ssmm,63,ASHLAND AVENUE EAST
18,ssmm,64,ASHLAND AVENUE NORTH
18,ssmm,65,ASHLAND AVENUE WEST
x,ssmm,66,AUGUSTA STREET
92,ssmm,67,BALMORAL AVENUE EAST
x,ssmm,68,BARRYPOINT ROAD (EAST #1)
115,ssmm,69,BEAUBIEN CT. SOUTH
25,ssmm,70,BELMONT AVENUE (ELM ST)
25,ssmm,71,BELMONT AVENUE EAST
25,ssmm,72,BELMONT AVENUE WEST
146,ssmm,73,BENTON
146,ssmm,74,BENTON STREET CHAMBER
104,ssmm,75,BERTEAU AVENUE WEST
68,ssmm,76,BERWYN AVENUE WEST
90,ssmm,77,BIRCHWOOD AVENUE EAST
42,ssmm,78,BLACKHAWK STREET EAST
42,ssmm,79,BLACKHAWK STREET WEST
147,ssmm,80,BLUFF CITY BLVD BASN OVRFL
147,ssmm,81,BLUFF CTY BLVD BASIN OVFLW
x,ssmm,82,BRAINARD & MONROE
x,ssmm,83,BRIAR ROAD AT OVERLOOK DR
x,ssmm,84,BRIDGE STREET
148,ssmm,85,BROOKFIELD AVENUE (N SIDE)
148,ssmm,86,BROOKFIELD AVENUE (S SIDE)
34,ssmm,87,BRYN MAWR AVENUE EAST
34,ssmm,88,BRYN MAWR AVENUE WEST
84,ssmm,89,BURNHAM AVENUE NORTH
84,ssmm,90,BURNHAM AVENUE OUTFALL
84,ssmm,91,BURNHAM AVENUE SOUTH
x,ssmm,92,CALDWELL AVE & TOUHY AVE
21,ssmm,93,CALIFORNIA AVENUE
21,ssmm,94,CALIFORNIA AVENUE
21,ssmm,95,CALIFORNIA AVENUE NORTH
21,ssmm,96,CALIFORNIA AVENUE SOUTH
21,ssmm,97,CALIFORNIA BOULEVARD SOUTH
x,ssmm,98,CALUMET 1-C
149,ssmm,99,CAMPBELL EXT  N BNK CAL SL
149,ssmm,100,CAMPBELL EXT  S BNK CAL SL
125,ssmm,101,CANAL STREET SOUTH
x,ssmm,102,CARROLL AVENUE WEST
x,ssmm,103,CASS STREET CHAMBER
x,ssmm,104,CENTER AVENUE
3,ssmm,105,CENTRAL AVENUE NORTH
3,ssmm,106,CENTRAL PARK
3,ssmm,107,CENTRAL PARK AVENUE NORTH
3,ssmm,108,CENTRAL PARK AVENUE NORTH
3,ssmm,109,CENTRAL PARK AVENUE SOUTH
3,ssmm,110,CENTRAL ROAD
3,ssmm,111,CENTRAL ROAD
55,ssmm,112,CERMAK ROAD EAST
55,ssmm,113,CERMAK ROAD WEST
x,ssmm,114,CHATHAM STREET
x,ssmm,115,CHESTNUT AND GRANT STREETS
6,ssmm,116,CHICAGO AVENUE
6,ssmm,117,CHICAGO AVENUE EAST
6,ssmm,118,CHICAGO AVENUE WEST
6,ssmm,119,CHICAGO GREAT WSTRN RAILRD
6,ssmm,120,CHICAGO ST. BASIN OVERFLOW
6,ssmm,121,CHICAGO STREET BASIN
x,ssmm,122,CHRISTIANA AVENUE WEST
x,ssmm,123,CHURCH STREET
23,ssmm,124,CICERO AVENUE NORTH
23,ssmm,125,CICERO AVENUE SOUTH
23,ssmm,126,CICERO AVENUE SOUTH
19,ssmm,127,CLARK
19,ssmm,128,CLARK (016A)
19,ssmm,129,CLARK STREET NORTH
19,ssmm,130,CLARK STREET SOUTH
150,ssmm,131,CLAY STREET
150,ssmm,132,CLAY STREET CHAMBER
x,ssmm,133,CLEVELAND STREET
108,ssmm,134,CLIFTON AVENUE EAST
x,ssmm,135,CLINTON STREET
x,ssmm,136,COLUMBIA STREET CHAMBER
43,ssmm,137,CORTEZ STREET EAST
43,ssmm,138,CORTEZ STREET WEST
41,ssmm,139,CORTLAND STREET EAST
41,ssmm,140,CORTLAND STREET WEST
x,ssmm,141,CROWLEY STREET CHAMBER
x,ssmm,142,"CS0-DEVON AVE (E) 42"""
x,ssmm,143,CS0-STP OUTFALL
x,ssmm,144,CULLOM AVENUE EAST
16,ssmm,145,DAMEN AVENUE EAST
16,ssmm,146,DAMEN AVENUE NORTH
16,ssmm,147,DAMEN AVENUE SOUTH
16,ssmm,148,DAMEN AVENUE WEST
47,ssmm,149,DEARBORN STREET NORTH
47,ssmm,150,DEARBORN STREET SOUTH
x,ssmm,151,DEMPSTER STREET
11,ssmm,152,DEVON AVENUE
11,ssmm,153,DEVON AVENUE
11,ssmm,154,DEVON AVENUE EAST
11,ssmm,155,DEVON AVENUE WEST
9,ssmm,156,DIVERSEY AND VILLA AVENUE
9,ssmm,157,DIVERSEY AVENUE EAST
9,ssmm,158,DIVERSEY AVENUE WEST
9,ssmm,159,DIVERSEY/VILLA AVE. LFT ST
9,ssmm,160,DIVERSEY/VILLA AVE. LFT ST
4,ssmm,161,DIVISION AVENUE (NORTH)
4,ssmm,162,DIVISION AVENUE (SOUTH)
4,ssmm,163,DIVISION STREET
4,ssmm,164,DIVISION STREET EAST
4,ssmm,165,DIVISION STREET WEST
4,ssmm,166,DIVISION STREET WEST
x,ssmm,167,DOBSON ST & NORDICA AVE
x,ssmm,168,DORCHESTER AVENUE
x,ssmm,169,DOUGLAS AVENUE BASIN
x,ssmm,170,DREXAL AVENUE
x,ssmm,171,DREXEL AVENUE NORTH
151,ssmm,172,DUNCAN STREET CHAMBER EAST
151,ssmm,173,DUNCAN STREET CHAMBER-WEST
x,ssmm,174,DUNDEE AVENUE BASIN
x,ssmm,175,E CALDWELL AVE @ CLEVELAND
x,ssmm,176,E OF CALDWELL AVE @ MAIN
61,ssmm,177,EAST AVENUE
61,ssmm,178,EAST AVENUE(EXTENDED)
61,ssmm,179,EAST ILLINOIS
61,ssmm,180,EAST OF RIVERSIDE DRIVE
109,ssmm,181,EASTMAN STREET EAST
152,ssmm,182,EDBROOK AVENUE
152,ssmm,183,EDBROOKE AVENUE NORTH
153,ssmm,184,ELGIN JOLIET ESTRN RR YD W
153,ssmm,185,ELGIN ROAD
x,ssmm,186,ELLIS AVENUE
x,ssmm,187,ELM
85,ssmm,188,EMERSON ST & MCCORMICK BLV
85,ssmm,189,EMERSON STREET
85,ssmm,190,EMERSON STREET
44,ssmm,191,ERIE STREET EAST
44,ssmm,192,ERIE STREET WEST
x,ssmm,193,EXCESS FLOW-COMB. SEWERS
x,ssmm,194,FAIR ELMS
114,ssmm,195,FAIRBANKS CT. NORTH
x,ssmm,196,FIRST
7,ssmm,197,FOREST AVENUE NORTH
7,ssmm,198,FOREST GLEN AVENUE NORTH
7,ssmm,199,FOREST GLEN AVENUE SOUTH
7,ssmm,200,FOREST PRESERVE EAST
2,ssmm,201,FOSTER AVENUE
2,ssmm,202,FOSTER AVENUE EAST
2,ssmm,203,FOSTER AVENUE EAST
2,ssmm,204,FOSTER AVENUE EAST
2,ssmm,205,FOSTER AVENUE WEST
2,ssmm,206,FOSTER AVENUE WEST
154,ssmm,207,FRANCISCO AVENUE
154,ssmm,208,FRANCISCO AVENUE RIVER
50,ssmm,209,FRANKLIN STREET
50,ssmm,210,FRANKLIN STREET
50,ssmm,211,FRANKLIN STREET SOUTH
17,ssmm,212,FULLERTON AVE @ E BANK RVR
17,ssmm,213,FULLERTON AVE @ W BANK RVR
17,ssmm,214,FULLERTON AVENUE EAST
17,ssmm,215,FULLERTON AVENUE WEST
113,ssmm,216,FULTON STREET WEST
x,ssmm,217,GAGE ROAD
x,ssmm,218,GAGING STATION ASHLAND AVE
x,ssmm,219,GARDNER STREET CHAMBER
102,ssmm,220,GIDDINGS STREET WEST
37,ssmm,221,GRACE STREET WEST
37,ssmm,222,GRACE STREET WEST
72,ssmm,223,GRAND AVENUE
72,ssmm,224,GRAND AVENUE WEST
62,ssmm,225,GREENBAY AVENUE
62,ssmm,226,GREENBAY ROAD
62,ssmm,227,GREENLEAF STREET
62,ssmm,228,GREENWOOD ST & MCCORMICK
x,ssmm,229,GROSS POINT RD (W) FRK/NIE
155,ssmm,230,GROVE AVENUE
155,ssmm,231,GROVE AVENUE BASIN
111,ssmm,232,HAINES STREET EAST
0,ssmm,233,HALSTED STREET EAST
0,ssmm,234,HALSTED STREET NORTH
0,ssmm,235,HALSTED STREET NORTH
0,ssmm,236,HALSTED STREET NORTH
0,ssmm,237,HALSTED STREET SOUTH
0,ssmm,238,HALSTED STREET WEST
x,ssmm,239,HARDING AVENUE
51,ssmm,240,HARRISON STREET EAST
51,ssmm,241,HARRISON STREET WEST
x,ssmm,242,HAZEL
x,ssmm,243,HEAD OF PLANT
x,ssmm,244,HERRICK STREET
156,ssmm,245,HIGHLAND AVENUE
156,ssmm,246,HIGHLAND AVENUE BASIN
110,ssmm,247,HOBBIE STREET EAST
32,ssmm,248,HOWARD (W)
32,ssmm,249,HOWARD AVENUE & RIVER ROAD
32,ssmm,250,HOWARD ST & MCCORMICK BLVD
32,ssmm,251,HOWARD STREET
32,ssmm,252,HOWARD STREET WEST
x,ssmm,253,HUTCHINSON STREET EAST
x,ssmm,254,ILLINOIS CENTRAL RAILROAD
94,ssmm,255,IMLAY STREET WEST
60,ssmm,256,INDIANA AVENUE
60,ssmm,257,INDIANA AVENUE SOUTH
131,ssmm,258,IRON STREET
15,ssmm,259,IRVING AVENUE
15,ssmm,260,IRVING PARK ROAD EAST
15,ssmm,261,IRVING PARK ROAD EXTENSION
15,ssmm,262,IRVING PARK ROAD WEST
28,ssmm,263,JACKSON AVENUE
28,ssmm,264,JACKSON AVENUE
28,ssmm,265,JACKSON BOULEVARD EAST
28,ssmm,266,JACKSON STREET CHAMBER
x,ssmm,267,JARVIS AVE-E OF SCHOOL ST
x,ssmm,268,JOLIET STREET
13,ssmm,269,KEDZIE AVENUE NORTH
13,ssmm,270,KEDZIE AVENUE SOUTH
13,ssmm,271,KEDZIE AVENUE SOUTH
x,ssmm,272,KENILWORTH AVENUE
70,ssmm,273,KENTON AVENUE NORTH
99,ssmm,274,KILBOURN AVENUE NORTH
x,ssmm,275,KING STREET
112,ssmm,276,KINZIE STREET WEST
x,ssmm,277,KONRAD AVENUE
x,ssmm,278,KOSTNER AVENUE NORTH
x,ssmm,279,LAFAYETTE STREET CHAMBER
30,ssmm,280,LAFLIN AVENUE NORTH
30,ssmm,281,LAFLIN STREET
30,ssmm,282,LAFLIN STREET NORTH
5,ssmm,283,LAKE SHORE DRIVE NORTH
5,ssmm,284,LAKE ST & MCCORMICK BLVD
5,ssmm,285,LAKE ST BASIN OVERFLW-0100
5,ssmm,286,LAKE STREET
5,ssmm,287,LAKE STREET
5,ssmm,288,LAKE STREET
5,ssmm,289,LAKE STREET
5,ssmm,290,LAKE STREET BASIN
98,ssmm,291,LAMON AVENUE SOUTH
x,ssmm,292,LARAMIE AVENUE
48,ssmm,293,LASALLE STREET NORTH
48,ssmm,294,LASALLE STREET SOUTH
x,ssmm,295,LATHROP AVENUE
133,ssmm,296,LAWNDALE AVENUE NORTH
8,ssmm,297,LAWRENCE AVENUE
8,ssmm,298,LAWRENCE AVENUE
8,ssmm,299,LAWRENCE AVENUE NORTH
8,ssmm,300,LAWRENCE AVENUE WEST
8,ssmm,301,LAWRENCE AVENUE WEST
134,ssmm,302,LEAMINGTON AVENUE SOUTH
106,ssmm,303,LEAVITT STREET EAST
35,ssmm,304,LELAND AVENUE EAST
35,ssmm,305,LELAND AVENUE WEST
x,ssmm,306,LIME STREET CHAMBER
86,ssmm,307,LINCOLN & DOUGLAS AVENUE
86,ssmm,308,LINCOLN AVENUE
86,ssmm,309,LINCOLN STREET
97,ssmm,310,LINDER AVENUE WEST
157,ssmm,311,LOCUST ST. BASIN OVERFLOW
157,ssmm,312,LOCUST STREET BASIN
71,ssmm,313,LOGAN AVENUE
71,ssmm,314,LOGAN BOULEVARD WEST
x,ssmm,315,LOMBARD AVENUE
79,ssmm,316,LOOMIS STREET NORTH
79,ssmm,317,LOOMIS STREET SOUTH
158,ssmm,318,LORD ST. BASIN OVERFLOW
158,ssmm,319,LORD STREET BASIN
74,ssmm,320,MADISON STREET
74,ssmm,321,MADISON STREET EAST
159,ssmm,322,MAIN ST & MCCORMICK BLVD
159,ssmm,323,MAIN STREET
96,ssmm,324,MANGO AVENUE WEST
160,ssmm,325,MAPLE STREET
160,ssmm,326,MAPLE WOOD
122,ssmm,327,MAXWELL STREET WEST
x,ssmm,328,MCDONOUGH STREET CHAMBER
40,ssmm,329,MCLEAN AVENUE EAST
40,ssmm,330,MCLEAN AVENUE WEST
95,ssmm,331,MIAMI AVENUE WEST
46,ssmm,332,MICHIGAN AVENUE NORTH
46,ssmm,333,MICHIGAN AVENUE SOUTH
x,ssmm,334,MILL STREET BASIN
119,ssmm,335,MONROE STREET EAST
24,ssmm,336,MONTROSE AVENUE ALLEY EAST
24,ssmm,337,MONTROSE AVENUE EAST
24,ssmm,338,MONTROSE AVENUE WEST
127,ssmm,339,MORGAN STREET NORTH
161,ssmm,340,MORSE AVE EXT-N OF PRATT
161,ssmm,341,MORSE AVENUE
x,ssmm,342,MULFORD STREET
x,ssmm,343,MWRDGC LEMONT WRP
x,ssmm,344,MYRICK/VILLA AVE. LFT STN
136,ssmm,345,NASHVILLE AVENUE SOUTH
135,ssmm,346,NATCHEZ AVENUE SOUTH
87,ssmm,347,NATIONAL ST. BASIN OVERFLW
87,ssmm,348,NATIONAL ST. BYPASS
87,ssmm,349,NATIONAL STREET BASIN
162,ssmm,350,NILES CNTR OUTLT-OAKTON ST
162,ssmm,351,NILES TERRACE-E OF SCHOOL
126,ssmm,352,NORMAL AVENUE SOUTH
1,ssmm,353,NORTH AVENUE
1,ssmm,354,NORTH AVENUE EAST
1,ssmm,355,NORTH AVENUE WEST
1,ssmm,356,NORTH BRNCH PMPING STATION
1,ssmm,357,NORTH SHORE AVENUE EAST
1,ssmm,358,NORTHWEST TOLLWAY
1,ssmm,359,NORTHWEST TOLLWAY EAST
x,ssmm,360,OAK STREET
39,ssmm,361,OAKLEY AVENUE EAST
39,ssmm,362,OAKLEY AVENUE NORTH
163,ssmm,363,OGDEN AVENUE
163,ssmm,364,OGDEN AVENUE
164,ssmm,365,OLD LAGOON OUTFALL
164,ssmm,366,OLD LAWNDALE AVENUE
x,ssmm,367,ONSITE TRTMNT(OVER 8 MGD)
x,ssmm,368,ORLEANS STREET NORTH
x,ssmm,369,PALMER AVENUE
63,ssmm,370,PARK ACRES SUBDIVISION
63,ssmm,371,PARK AVENUE
63,ssmm,372,PARK AVENUE NORTH
63,ssmm,373,PARK BOULEVARD
138,ssmm,374,PARNELL AVENUE NORTH
130,ssmm,375,PAULINA STREET NORTH
x,ssmm,376,PENSACOLA AVE. ALLEY EAST
139,ssmm,377,PEORIA AVENUE NORTH
12,ssmm,378,PETERSON AVENUE EAST
12,ssmm,379,PETERSON AVENUE WEST
12,ssmm,380,PETERSON AVENUE WEST
x,ssmm,381,PIERCE (003A)
76,ssmm,382,POLK STREET EAST
76,ssmm,383,POLK STREET WEST
88,ssmm,384,PRAIRIE AVENUE & RIVER RD
88,ssmm,385,PRAIRIE ST. BASIN OVERFLOW
88,ssmm,386,PRAIRIE STREET BASIN
67,ssmm,387,PRATT AVENUE
67,ssmm,388,PRATT AVENUE EAST
31,ssmm,389,PULASKI ROAD
31,ssmm,390,PULASKI ROAD NORTH
31,ssmm,391,PULASKI ROAD SOUTH
x,ssmm,392,PUMP STATN #31-WLLNGTN AVE
120,ssmm,393,QUINCY STREET EAST
129,ssmm,394,RACINE AVENUE NORTH
x,ssmm,395,RAND ROAD
118,ssmm,396,RANDOLPH STREET EAST
x,ssmm,397,RATHBONE
x,ssmm,398,RICE STREET
x,ssmm,399,RICHARDS STREET CHAMBER
89,ssmm,400,RIVER CROSSING OVERFLOW
89,ssmm,401,RIVER DRIVE
89,ssmm,402,RIVERSIDE & HIGHLAND AVE
x,ssmm,403,ROBINSON ROAD
132,ssmm,404,ROCKWELL STREET NORTH
10,ssmm,405,ROOSEVELT ROAD
10,ssmm,406,ROOSEVELT ROAD
10,ssmm,407,ROOSEVELT ROAD
10,ssmm,408,ROOSEVELT ROAD EAST
10,ssmm,409,ROOSEVELT ROAD WEST
105,ssmm,410,ROSCOE STREET WEST
116,ssmm,411,RUSH ST. NORTH
x,ssmm,412,SACRAMENTO
x,ssmm,413,SCHOOL STREET (EXTENDED)
165,ssmm,414,SECOND AVENUE CHAMBER
165,ssmm,415,SECOND STREET
128,ssmm,416,SENOUR AVENUE SOUTH
66,ssmm,417,SHERIDAN ROAD
66,ssmm,418,SHERIDAN ROAD
166,ssmm,419,"SIBLEY AVE (E) 84"""
166,ssmm,420,SIBLEY AVENUE
64,ssmm,421,SOUTH ELGIN BASIN
64,ssmm,422,SOUTH PARK AVE-NORTH BANK
64,ssmm,423,SOUTH PARK AVE-SOUTH BANK
64,ssmm,424,SOUTHVIEW AVENUE
45,ssmm,425,ST. CHARLES & MONTEREY
45,ssmm,426,ST. CHARLES ROAD
45,ssmm,427,ST. CLAIR STREET NORTH
x,ssmm,428,STANLEY BOULEVARD
73,ssmm,429,STATE STREET
73,ssmm,430,STATE STREET SOUTH
167,ssmm,431,STEPHEN STREET
167,ssmm,432,STEPHEN STREET
77,ssmm,433,STEWART AVENUE SOUTH
x,ssmm,434,STOLP
x,ssmm,435,STONE STREET CHAMBER-WEST
36,ssmm,436,SUNNYSIDE AVENUE EAST
36,ssmm,437,SUNNYSIDE AVENUE WEST
x,ssmm,438,SUPERIOR
52,ssmm,439,TAYLOR STREET EAST
52,ssmm,440,TAYLOR STREET WEST
168,ssmm,441,THIRD
168,ssmm,442,THIRD AVENUE CHAMBER EAST
91,ssmm,443,THORNDALE AVENUE WEST
20,ssmm,444,THROOP STREET
20,ssmm,445,THROOP STREET NORTH
20,ssmm,446,THROOP STREET NORTH
20,ssmm,447,THROOP STREET SOUTH
83,ssmm,448,TORRENCE AVENUE NORTH
83,ssmm,449,TORRENCE AVENUE NORTH
33,ssmm,450,"TOUHY AVE (E) 96"""
33,ssmm,451,TOUHY AVENUE
33,ssmm,452,TOUHY AVENUE EAST
x,ssmm,453,TRASK-DEARBORN
x,ssmm,454,TRI-STATE TOLLWAY
x,ssmm,455,TROY STREET SOUTH
100,ssmm,456,TRUMBULL AVENUE NORTH
56,ssmm,457,UNION AVENUE NORTH
56,ssmm,458,UNION AVENUE PUMP STATION
56,ssmm,459,UNION STREET
75,ssmm,460,VAN BUREN STREET CHAMBER
75,ssmm,461,VAN BUREN STREET EAST
117,ssmm,462,WABASH AVE. SOUTH
78,ssmm,463,WALLACE STREET CHAMBER
78,ssmm,464,WALLACE STREET SOUTH
x,ssmm,465,WALNUT AVE. BASIN OVERFLOW
x,ssmm,466,WALNUT AVENUE BASIN
x,ssmm,467,WALNUT STREET
27,ssmm,468,WASHINGTON STREET CHAMBER
27,ssmm,469,WASHINGTON STREET EAST
27,ssmm,470,WASHINGTON STREET WEST
107,ssmm,471,WEBSTER AVENUE EAST
169,ssmm,472,WELLINGTON AVENUE BASIN
169,ssmm,473,WELLINGTON AVENUE BYPASS
49,ssmm,474,WELLS STREET NORTH
49,ssmm,475,WELLS STREET SOUTH
x,ssmm,476,WENTWORTH AVENUE NORTH
65,ssmm,477,WEST BENTON
65,ssmm,478,WEST GALENA
65,ssmm,479,WEST ILLINOIS
65,ssmm,480,WEST PARK (FORMERLY ELM)
x,ssmm,481,WESTCHESTER PUMP STATION
26,ssmm,482,WESTERN AVENUE
26,ssmm,483,WESTERN AVENUE EAST
26,ssmm,484,WESTERN AVENUE SOUTH
x,ssmm,485,WHITNEY STREET CHAMBER
69,ssmm,486,WILDWOOD
69,ssmm,487,WILDWOOD AVENUE EAST
14,ssmm,488,WILSON AVENUE EAST
14,ssmm,489,WILSON AVENUE EAST
14,ssmm,490,WILSON AVENUE WEST
80,ssmm,491,WOOD STREET NORTH
170,ssmm,492,WOODLAWN & EDGEWOOD
170,ssmm,493,WOODLAWN & EDGEWOOD
x,ssmm,494,WOODVIEW AVENUE
x,ssmm,495,WRP TARP BYPASS
